<?xml version="1.0" encoding="UTF-8" ?>
<!DOCTYPE mapper
        PUBLIC "-//mybatis.org//DTD Mapper 3.0//EN"
        "http://mybatis.org/dtd/mybatis-3-mapper.dtd">
<mapper namespace="com.neusoft.dao.IDispatchingOrderDao">

    <insert id="addDispatchingOrder" parameterType="DispatchingOrder">
        insert into dispatchingorder(outId, inId, productId, productNum, actualNum, unit, planOutDate, orderId, taskId, status, type)
        values(#{outId}, #{inId}, #{productId}, #{productNum}, #{actualNum}, #{unit}, #{planOutDate}, #{orderId}, #{taskId}, #{status},
               #{type})
    </insert>

    <select id="getMaxId" resultType="int">
        select max(id) from `dispatchingorder`
    </select>

    <select id="getDispatchingOrderById" parameterType="int" resultType="DispatchingOrder">
        select * from `dispatchingorder`
        where id = #{value}
    </select>

    <select id="getDispatchingOrderByQuery" parameterType="DispatchingOrder" resultType="DispatchingOrder">
        select * from `dispatchingorder`
        <where>
            <if test="outId != null and outId gt 0">
                and outId = #{outId}
            </if>
            <if test="inId != null and inId gt 0">
                and inId = #{inId}
            </if>
            <if test="productId != null and productId gt 0">
                and productId = #{productId}
            </if>
            <if test="productNum != null and productNum gt 0">
                and productNum = #{productNum}
            </if>
            <if test="unit != null and unit !=''">
                and unit like CONCAT( '%',#{unit}, '%')
            </if>
            <if test="planOutDate != null">
                and Date(planOutDate) = Date(#{planOutDate})
            </if>
            <if test="orderId != null and orderId gt 0">
                and orderId = #{orderId}
            </if>
            <if test="taskId != null and taskId gt 0">
                and taskId = #{taskId}
            </if>
            <if test="status != null and status !=''">
                and status like CONCAT( '%',#{status}, '%')
            </if>
            <if test="startDate != null and finishDate != null">
                and planOutDate between #{startDate} and #{finishDate}
            </if>
            <if test="type != null and type !=''">
                and type like CONCAT( '%',#{type}, '%')
            </if>
        </where>
    </select>

    <delete id="deleteDispatchingOrderById" parameterType="int">
        DELETE from `dispatchingOrder`
        where id = #{value}
    </delete>
    <update id="updateDispatchingOrderById" parameterType="DispatchingOrder">
        UPDATE `dispatchingOrder`
        <set>
            <if test="outId != null and outId gt 0">
                outId = #{outId},
            </if>
            <if test="inId != null and inId gt 0">
                inId = #{inId},
            </if>
            <if test="status != null and status !=''">
                status = #{status},
            </if>
            <if test="type != null and type !=''">
                type = #{type},
            </if>
            <if test="productId != null and productId gt 0">
                productId = #{productId},
            </if>
            <if test="productNum != null and productNum gt 0">
                productNum = #{productNum},
            </if>
            <if test="actualNum != null and actualNum gt 0">
                actualNum = #{actualNum},
            </if>
            <if test="unit != null and unit !=''">
                unit = #{unit},
            </if>
            <if test="planOutDate != null">
                planOutDate = #{planOutDate},
            </if>
            <if test="orderId != null and orderId gt 0">
                orderId = #{orderId},
            </if>
            <if test="taskId != null and taskId gt 0">
                taskId = #{taskId},
            </if>
        </set>
        where id = #{id}
    </update>
</mapper>
