<?xml version="1.0" encoding="UTF-8" ?>
<!DOCTYPE mapper
        PUBLIC "-//mybatis.org//DTD Mapper 3.0//EN"
        "http://mybatis.org/dtd/mybatis-3-mapper.dtd">
<mapper namespace="com.neusoft.dao.ITaskDao">

    <insert id="addTask" parameterType="Task">
        insert into `task`(orderId, deliveryAddress, requestFinishDate, deliverymanId, status, deliveryDate, type)
        values(#{orderId},#{deliveryAddress},#{requestFinishDate},#{deliverymanId}, #{status},#{deliveryDate},#{type})
    </insert>

    <select id="getMaxId" resultType="int">
        select max(id) from `task`
    </select>

    <select id="getTaskList" resultType="Task">
        select * from `task`
    </select>

    <select id="getTaskById" parameterType="int" resultType="Task">
        select * from `task`
        where id = #{value}
    </select>

    <delete id="deleteTaskById" parameterType="int">
        DELETE from `task`
        where id = #{value}
    </delete>

    <update id="updateTaskById" parameterType="Task">
        UPDATE `task`
        <set>
            <if test="orderId != null and orderId !=''">
                orderId = #{orderId},
            </if>
            <if test="deliveryAddress != null and deliveryAddress !=''">
                deliveryAddress = #{deliveryAddress},
            </if>
            <if test="requestFinishDate != null">
                requestFinishDate = #{requestFinishDate},
            </if>
            <if test="deliveryDate != null">
                deliveryDate = #{deliveryDate},
            </if>
            <if test="deliverymanId != null and deliverymanId !=''">
                deliverymanId = #{deliverymanId},
            </if>
            <if test="status != null and status !=''">
                status = #{status},
            </if>
            <if test="type != null and type !=''">
                type = #{type}
            </if>
        </set>
        where id = #{id}
    </update>

    <select id="getTaskByQuery" parameterType="Task" resultType="Task">
        select * from `task`
        <where>
            <if test="id != null and id !=''">
                and id = #{id}
            </if>
            <if test="orderId != null and orderId !=''">
                and orderId like CONCAT( '%',#{orderId}, '%')
            </if>
            <if test="deliveryAddress != null and deliveryAddress !=''">
                and deliveryAddress like CONCAT( '%',#{deliveryAddress}, '%')
            </if>
            <if test="startDateR != null and finishDateR != null">
                and requestFinishDate between #{startDateR} and #{finishDateR}
            </if>
            <if test="deliverymanId != null and deliverymanId !=''">
                and deliverymanId like CONCAT( '%',#{deliverymanId}, '%')
            </if>
            <if test="status != null and status !=''">
                and status = #{status}
            </if>
            <if test="type != null and type !=''">
                and type = #{type}
            </if>
            <if test="startDateD != null and finishDateD != null">
                and deliveryDate between #{startDateD} and #{finishDateD}
            </if>
        </where>
    </select>
</mapper>
