<?xml version="1.0" encoding="UTF-8" ?>
<!DOCTYPE mapper
        PUBLIC "-//mybatis.org//DTD Mapper 3.0//EN"
        "http://mybatis.org/dtd/mybatis-3-mapper.dtd">
<mapper namespace="com.neusoft.dao.IReceiptDao">

    <insert id="addReceipt" parameterType="Receipt">
        insert into receipt(startNum, finishNum, piCi, name, orderId, price, date, substationId,status)
        VALUES (#{startNum}, #{finishNum}, #{piCi}, #{name}, #{orderId},#{price},#{date},#{substationId},#{status})
    </insert>

    <select id="getAllReceipt" resultType="Receipt">
        select * from receipt
    </select>


    <delete id="deleteReceiptById" parameterType="int">
        DELETE FROM receipt
        where id = #{value}
    </delete>

    <select id="getReceiptById" parameterType="int" resultType="Receipt">
        select * from receipt
        where id = #{value}
    </select>

    <select id="getReceiptByOrderId" parameterType="int" resultType="Receipt">
        select * from receipt
        where orderId = #{value}
    </select>

    <update id="updateReceiptById" parameterType="Receipt">
        UPDATE receipt
        <set>
            <if test="startNum != null and startNum != ''">
                startNum = #{startNum},
            </if>
            <if test="finishNum != null and finishNum != ''">
                finishNum = #{finishNum},
            </if>
            <if test="piCi != null and piCi != ''">
                piCi = #{piCi},
            </if>
            <if test="name != null and name != ''">
                name = #{name},
            </if>
            <if test="orderId != null and orderId != ''">
                orderId = #{orderId},
            </if>
            <if test="price != null and price != ''" >
                price = #{price},
            </if>
            <if test="date != null" >
                date = #{date},
            </if>
            <if test="substationId != null and substationId != ''" >
                substationId = #{substationId},
            </if>
            <if test="status != null and status != ''" >
                status = #{status},
            </if>
        </set>
        WHERE id = #{id}
    </update>

    <select id="getReceiptByQuery" parameterType="Receipt" resultType="Receipt">
        select * from receipt
        <where>
            <if test="startNum != null and startNum != ''">
                and startNum = #{startNum}
            </if>
            <if test="finishNum != null and finishNum != ''">
                and finishNum = #{finishNum}
            </if>
            <if test="piCi != null and piCi != ''">
                and piCi = #{piCi}
            </if>
            <if test="name != null and name != ''">
                and name like CONCAT('%',#{name}, '%')
            </if>
            <if test="orderId != null and orderId != ''">
                orderId = #{orderId}
            </if>
            <if test="price != null and price != ''" >
                price = #{price}
            </if>
            <if test="startDate != null and finishDate != null" >
                date between #{startDate} and #{finishDate}
            </if>
            <if test="substationId != null and substationId != ''" >
                substationId = #{substationId}
            </if>
            <if test="status != null and status != ''" >
                status = #{status}
            </if>
        </where>
    </select>

    <select id="getMaxId" resultType="int">
        select max(id) from receipt
    </select>
</mapper>