<?xml version="1.0" encoding="UTF-8" ?>
<!DOCTYPE mapper
        PUBLIC "-//mybatis.org//DTD Mapper 3.0//EN"
        "http://mybatis.org/dtd/mybatis-3-mapper.dtd">
<mapper namespace="com.neusoft.dao.IDeliverymanDao">

    <insert id="addDeliveryman" parameterType="Deliveryman">
        insert into deliveryman(name, substationId)
        VALUES (#{name}, #{substationId})
    </insert>

    <select id="getDeliverymanList" resultType="Deliveryman">
        select * from deliveryman
    </select>

    <delete id="deleteDeliverymanById" parameterType="int">
        DELETE FROM deliveryman
        where id = #{value}
    </delete>

    <select id="getDeliverymanById" parameterType="int" resultType="Deliveryman">
        select * from deliveryman
        where id = #{value}
    </select>

    <update id="updateDeliverymanById" parameterType="Deliveryman">
        UPDATE deliveryman
        <set>
            <if test="name != null and name != ''">
                name = #{name},
            </if>
            <if test="substationId != null and substationId != ''">
                substationId = #{substationId},
            </if>
        </set>
        where id = #{id}
    </update>

    <select id="getDeliverymanByQuery" parameterType="Deliveryman" resultType="Deliveryman">
        select * from deliveryman
        <where>
            <if test="name != null and name != ''">
                and name like CONCAT('%',#{name}, '%')
            </if>
            <if test="substationId != null and substationId > 0">
                and substationId = #{substationId}
            </if>
        </where>
    </select>

    <select id="getMaxId" resultType="int">
        select max(id) from deliveryman
    </select>
</mapper>