<?xml version="1.0" encoding="UTF-8" ?>
<!DOCTYPE mapper
        PUBLIC "-//mybatis.org//DTD Mapper 3.0//EN"
        "http://mybatis.org/dtd/mybatis-3-mapper.dtd">
<mapper namespace="com.neusoft.dao.IHuiZhiDao">

    <insert id="addHuiZhi" parameterType="HuiZhi">
        insert into huizhiform(taskId, huizhiItems, customerSatisfaction, comment, collectionDate, sumOriginalPrice, backPrice,type,subStationId)
        VALUES (#{taskId}, #{huiZhiItems},#{customerSatisfaction},#{comment},#{collectionDate},#{sumOriginalPrice},#{backPrice},#{type},#{subStationId})
    </insert>


    <select id="getMaxId" resultType="int">
        select max(id) from huizhiform
    </select>

    <select id="getAllHuiZhi" resultType="HuiZhi">
        select * from huizhiform
    </select>

    <select id="getHuiZhiById" parameterType="int" resultType="HuiZhi">
        select * from huizhiform
        where id = #{id}
    </select>

    <delete id="deleteHuiZhiById" parameterType="int">
        DELETE FROM huizhiform
        where id = #{id}
    </delete>

    <update id="updateHuiZhiById" parameterType="HuiZhi">
        UPDATE huizhiform
        <set>
            <if test="taskId != null and taskId != ''">
                taskId = #{taskId},
            </if>
            <if test="huiZhiItems != null and huiZhiItems != ''">
                huiZhiItems = #{huiZhiItems},
            </if>
            <if test="comment != null and comment != ''">
                comment = #{comment},
            </if>
            <if test="collectionDate != null">
                collectionDate = #{collectionDate},
            </if>
            <if test="sumOriginalPrice != null and sumOriginalPrice!=''">
                sumOriginalPrice = #{sumOriginalPrice},
            </if>
            <if test="backPrice != null and backPrice!=''">
                sumOriginalPrice = #{sumOriginalPrice},
            </if>
            <if test="subStationId != null and subStationId!=''">
                subStationId = #{subStationId}
            </if>
        </set>
        where id = #{id}
    </update>

    <select id="getHuiZhiByQuery" parameterType="HuiZhi" resultType="HuiZhi">
        select * from huizhiform
        <where>
            <if test="id != null and id != ''">
                and id = #{id}
            </if>
            <if test="taskId != null and taskId > 0">
                and taskId = #{taskId}
            </if>
            <if test="huiZhiItems != null and huiZhiItems != ''">
                and huiZhiItems like CONCAT('%',#{huiZhiItems}, '%')
            </if>
            <if test="customerSatisfaction != null and customerSatisfaction != ''">
                and customerSatisfaction like CONCAT('%',#{customerSatisfaction}, '%')
            </if>
            <if test="comment != null and comment != ''">
                and comment like CONCAT('%',#{comment}, '%')
            </if>
            <if test="startDate != null and finishDate != null">
                and collectionDate between #{startDate} and #{finishDate}
            </if>
            <if test="sumOriginalPrice != null and sumOriginalPrice != ''">
                and sumOriginalPrice = #{sumOriginalPrice}
            </if>
            <if test="backPrice != null and backPrice !=''">
                and backPrice = #{backPrice}
            </if>
            <if test="type != null and type != ''">
                and type = #{type}
            </if>
            <if test="subStationId != null and subStationId !=  ''">
                and subStationId = #{subStationId}
            </if>
        </where>
    </select>
</mapper>