<?xml version="1.0" encoding="UTF-8" ?>
<!DOCTYPE mapper
        PUBLIC "-//mybatis.org//DTD Mapper 3.0//EN"
        "http://mybatis.org/dtd/mybatis-3-mapper.dtd">
<mapper namespace="com.neusoft.dao.ISignatureFormDao">

    <insert id="addSignatureForm" parameterType="SignatureForm">
        insert into signatureform(taskId, comment, feedback, sign, signDate, status)
        VALUES (#{taskId}, #{comment}, #{feedback}, #{sign}, #{signDate},#{status})
    </insert>

    <select id="getAllSignatureForm" resultType="SignatureForm">
        select * from signatureform
    </select>

    <select id="getSignatureFormByTaskId" parameterType="int" resultType="SignatureForm">
        select * from signatureform
        where taskId = #{value}
    </select>

    <delete id="deleteSignatureFormById" parameterType="int">
        DELETE FROM signatureform
        where id = #{value}
    </delete>

    <select id="getSignatureFormById" parameterType="int" resultType="SignatureForm">
        select * from signatureform
        where id = #{value}
    </select>

    <update id="updateSignatureFormById" parameterType="SignatureForm">
        UPDATE signatureform
        <set>
            <if test="comment != null and comment != ''">
                comment = #{comment},
            </if>
            <if test="feedback != null and feedback != ''">
                feedback = #{feedback},
            </if>
            <if test="sign != null and sign != ''">
                sign = #{sign},
            </if>
            <if test="signDate != null">
                signDate = #{signDate},
            </if>
            <if test="status != null and status != ''" >
                status = #{status}
            </if>
        </set>
        where taskId = #{taskId}
    </update>

    <select id="getSignatureFormByQuery" parameterType="SignatureForm" resultType="SignatureForm">
        select * from signatureform
        <where>
            <if test="taskId != null and taskId != ''">
                and taskId = #{taskId}
            </if>
            <if test="comment != null and comment != ''">
                and comment like CONCAT('%',#{comment}, '%')
            </if>
            <if test="feedback != null and feedback != ''">
                and feedback like CONCAT('%',#{feedback}, '%')
            </if>
            <if test="sign != null and sign != ''">
                and sign like CONCAT('%',#{sign}, '%')
            </if>
            <if test="startDate != null and finishDate != null">
                and signDate between startDate and finishDate
            </if>
            <if test="status != null and status != ''">
                and status = #{status}
            </if>
        </where>
    </select>

    <select id="getMaxId" resultType="int">
        select max(id) from signatureform
    </select>
</mapper>