<?xml version="1.0" encoding="UTF-8" ?>
<!DOCTYPE mapper
        PUBLIC "-//mybatis.org//DTD Mapper 3.0//EN"
        "http://mybatis.org/dtd/mybatis-3-mapper.dtd">
<mapper namespace="com.neusoft.dao.ISubstationDao">

    <insert id="addSubstation" parameterType="Substation">
        insert into substation(name, address, manager)
        VALUES (#{name}, #{address}, #{manager})
    </insert>

    <select id="getSubstationList" resultType="Substation">
        select * from substation
    </select>

    <delete id="deleteSubstationById" parameterType="int">
        DELETE FROM substation
        where id = #{value}
    </delete>

    <select id="getSubstationById" parameterType="int" resultType="Substation">
        select * from substation
        where id = #{value}
    </select>

    <update id="updateSubstationById" parameterType="Substation">
        UPDATE substation
        <set>
            <if test="name != null and name != ''">
                name = #{name},
            </if>
            <if test="address != null and address != ''">
                address = #{address},
            </if>
            <if test="manager != null and manager != ''">
                manager = #{manager},
            </if>
        </set>
        where id = #{id}
    </update>

    <select id="getSubstationByQuery" parameterType="Substation" resultType="Substation">
        select * from substation
        <where>
            <if test="name != null and name != ''">
                and name like CONCAT('%',#{name}, '%')
            </if>
            <if test="address != null and address != ''">
                and address like CONCAT('%',#{address}, '%')
            </if>
            <if test="manager != null and manager != ''">
                and manager like CONCAT('%',#{manager}, '%')
            </if>
        </where>
    </select>

    <select id="getMaxId" resultType="int">
        select max(id) from substation
    </select>
</mapper>