<?xml version="1.0" encoding="UTF-8" ?>
<!DOCTYPE mapper
        PUBLIC "-//mybatis.org//DTD Mapper 3.0//EN"
        "http://mybatis.org/dtd/mybatis-3-mapper.dtd">
<mapper namespace="com.neusoft.dao.IFirstProductDao">

    <insert id="addFirstProduct" parameterType="FirstProduct">
        insert into firstproduct(name,description)
        VALUES (#{name},#{description})
    </insert>

    <select id="getFirstProductById" parameterType="int" resultType="FirstProduct">
        select * from firstproduct where id = #{value}
    </select>

    <delete id="deleteFirstProductById" parameterType="int">
        DELETE FROM firstproduct
        WHERE id = #{value}
    </delete>

    <update id="updateFirstProductById" parameterType="FirstProduct">

            UPDATE firstproduct
            <set>
                <if test="name != null and name != ''">
                    name = #{name},
                </if>
                <if test="description != null and description != ''">
                    description = #{description}
                </if>
            </set>
            WHERE id = #{id}
    </update>

    <select id="getAllFirstProduct" resultType="FirstProduct">
        select * from firstproduct
    </select>

    <select id="getFirstProductByQuery" parameterType="FirstProduct" resultType="FirstProduct">
        select * from firstproduct
        <where>
            <if test="name != null and name != ''">
                and name LIKE CONCAT('%', #{name}, '%')
            </if>
        </where>
    </select>

    <select id="getMaxId" resultType="int">
        select max(id) from firstproduct
    </select>

</mapper>
