<?xml version="1.0" encoding="UTF-8" ?>
<!DOCTYPE mapper
        PUBLIC "-//mybatis.org//DTD Mapper 3.0//EN"
        "http://mybatis.org/dtd/mybatis-3-mapper.dtd">
<mapper namespace="com.neusoft.dao.IProductDao">

    <insert id="addProduct" parameterType="Product">
        insert into product(name,firstProductId,secondProductId,unit,sellingPrice,discount,costPrice,supplierId,shelfLife,canReturn,canExchange,description)
        VALUES (#{name},#{firstProductId},#{secondProductId},#{unit},#{sellingPrice},#{discount},#{costPrice},#{supplierId},#{shelfLife},#{canReturn},#{canExchange},#{description})
    </insert>

    <select id="getProductById" parameterType="int" resultType="Product">
        select * from product where id = #{value}
    </select>

    <delete id="deleteProductById" parameterType="int">
        delete from product
        where id = #{value}
    </delete>

    <update id="updateProductById" parameterType="Product">
        UPDATE product
        <set>
            <if test="firstProductId != null and firstProductId gt 0">
                firstProductId = #{firstProductId},
            </if>
            <if test="name != null and name != ''">
                name = #{name},
            </if>
            <if test="secondProductId != null and secondProductId gt 0">
                secondProductId = #{secondProductId},
            </if>
            <if test="unit != null and unit != ''">
                unit = #{unit},
            </if>
            <if test="sellingPrice != null and sellingPrice gt 0">
                sellingPrice = #{sellingPrice},
            </if>
            <if test="discount != null and discount gt 0">
                discount = #{discount},
            </if>
            <if test="costPrice != null and costPrice gt 0">
                costPrice = #{costPrice},
            </if>
            <if test="supplierId != null and supplierId gt 0">
                supplierId = #{supplierId},
            </if>
            <if test="shelfLife != null and shelfLife gt 0">
                shelfLife = #{shelfLife},
            </if>
            <if test="canReturn != null and canReturn != ''">
                canReturn = #{canReturn},
            </if>
            <if test="description != null and description != ''">
                description = #{description},
            </if>
            <if test="canExchange != null and canExchange != ''">
                canExchange = #{canExchange}
            </if>
        </set>
        where id = #{id}
    </update>

    <select id="getAllProduct" resultType="Product">
        select * from product
    </select>

    <select id="getProductByQuery" parameterType="Product" resultType="Product">
        select * from product
        <where>
            <if test="firstProductId != null and firstProductId gt 0">
                and firstProductId = #{firstProductId}
            </if>
            <if test="name != null and name != ''">
                and name LIKE CONCAT('%', #{name}, '%')
            </if>
            <if test="secondProductId != null and secondProductId gt 0">
                and secondProductId = #{secondProductId}
            </if>
            <if test="supplierId != null and supplierId gt 0">
                and supplierId =#{supplierId}
            </if>
        </where>
    </select>

    <select id="getMaxId" resultType="int">
        select max(id) from firstproduct
    </select>
</mapper>
