<?xml version="1.0" encoding="UTF-8" ?>
<!DOCTYPE mapper
        PUBLIC "-//mybatis.org//DTD Mapper 3.0//EN"
        "http://mybatis.org/dtd/mybatis-3-mapper.dtd">
<mapper namespace="com.neusoft.dao.ISecondProductDao">

    <insert id="addSecondProduct" parameterType="SecondProduct">
        insert into secondproduct(name,firstProductId,description)
        VALUES (#{name},#{firstProductId},#{description})
    </insert>

    <select id="getSecondProductById" parameterType="int" resultType="SecondProduct">
        select * from secondproduct where id = #{value}
    </select>

    <delete id="deleteSecondProductById" parameterType="int">
        DELETE FROM secondproduct
        WHERE id = #{value}
    </delete>

    <update id="updateSecondProductById" parameterType="SecondProduct">
        UPDATE secondproduct
        <set>
            <if test="name != null and name != ''">
                name = #{name},
            </if>
            <if test="firstProductId != null and firstProductId gt 0">
                firstProductId = #{firstProductId},
            </if>
            <if test="description != null and description != ''">
                description = #{description}
            </if>
        </set>
        where id = #{id}
    </update>

    <select id="getAllSecondProduct" resultType="SecondProduct">
        select * from secondproduct
    </select>

    <select id="getSecondProductByQuery" parameterType="SecondProduct" resultType="SecondProduct">
        select * from secondproduct
        <where>
        <if test="firstProductId != null and firstProductId gt 0">
            and firstProductId = #{firstProductId}
        </if>
        <if test="name != null and name != ''">
            and name LIKE CONCAT('%', #{name}, '%')
        </if>
        </where>
    </select>
    <select id="getMaxId" resultType="int">
        select max(id) from firstproduct
    </select>
</mapper>
