<?xml version="1.0" encoding="UTF-8" ?>
<!DOCTYPE mapper
        PUBLIC "-//mybatis.org//DTD Mapper 3.0//EN"
        "http://mybatis.org/dtd/mybatis-3-mapper.dtd">
<mapper namespace="com.neusoft.dao.IStoreDao">

<insert id="addStore" parameterType="Store">
    insert into store(name, storeAddress, manager, itemMapString, stage)
    VALUES (#{name}, #{storeAddress}, #{manager}, #{itemMapString}, #{stage})
</insert>

    <select id="getStoreList" resultType="Store">
        select * from store
    </select>

    <delete id="deleteStoreById" parameterType="int">
        DELETE FROM store
        where id = #{value}
    </delete>

    <select id="getStoreById" parameterType="int" resultType="Store">
        select * from store
        where id = #{value}
    </select>

    <update id="updateStoreById" parameterType="Store">
        UPDATE store
        <set>
            <if test="name != null and name != ''">
                name = #{name},
            </if>
            <if test="storeAddress != null and storeAddress != ''">
                storeAddress = #{storeAddress},
            </if>
            <if test="stage != null and stage != ''">
                stage = #{stage},
            </if>
            <if test="manager != null and manager != ''">
                manager = #{manager},
            </if>
            <if test="itemMapString != null and itemMapString != ''">
                itemMapString = #{itemMapString}
            </if>
        </set>
        where id = #{id}
    </update>

    <select id="getStoreByQuery" parameterType="Store" resultType="Store">
        select * from store
        <where>
            <if test="name != null and name != ''">
                and name like CONCAT('%',#{name}, '%')
            </if>
            <if test="storeAddress != null and storeAddress != ''">
                and storeAddress like CONCAT('%',#{storeAddress}, '%')
            </if>
            <if test="manager != null and manager != ''">
                and manager like CONCAT('%',#{manager}, '%')
            </if>
            <if test="stage != null and stage != ''">
                and stage like CONCAT('%',#{stage}, '%')
            </if>
        </where>
    </select>

    <select id="getMaxId" resultType="int">
        select max(id) from store
    </select>
</mapper>