<?xml version="1.0" encoding="UTF-8" ?>
<!DOCTYPE mapper
        PUBLIC "-//mybatis.org//DTD Mapper 3.0//EN"
        "http://mybatis.org/dtd/mybatis-3-mapper.dtd">
<mapper namespace="com.neusoft.dao.ISupplierDao">

<insert id="addSupplier" parameterType="Supplier">
    insert into supplier(name, address, linkman, phone, bank, legalPerson, fax, postcode, comment,bankAccount)
    VALUES (#{name},#{address},#{linkman},#{phone},#{bank},#{legalPerson},#{fax},#{postcode},#{comment},#{bankAccount})
</insert>

    <select id="getSupplierList" resultType="Supplier">
        select * from supplier
    </select>

    <delete id="deleteSupplierById" parameterType="int">
        DELETE FROM supplier
        where id = #{value}
    </delete>

    <select id="getSupplierById" parameterType="int" resultType="Supplier">
        select * from supplier
        where id = #{value}
    </select>

    <update id="updateSupplierById" parameterType="Supplier">
        UPDATE supplier
        <set>
            <if test="name != null and name != ''">
                name = #{name},
            </if>
            <if test="address != null and address != ''">
                address = #{address},
            </if>
            <if test="linkman != null and linkman != ''">
                linkman= #{linkman},
            </if>
            <if test="phone != null and phone != ''">
                phone = #{phone},
            </if>
            <if test="bank != null and bank != ''">
                bank = #{bank},
            </if>
            <if test="bankAccount != null and bankAccount != ''">
                bankAccount = #{bankAccount},
            </if>
            <if test="legalPerson != null and legalPerson != ''">
                legalPerson = #{legalPerson},
            </if>
            <if test="fax != null and fax != ''">
                fax = #{fax},
            </if>
            <if test="postcode != null and postcode != ''">
                postcode = #{postcode},
            </if>
            <if test="comment != null and comment != ''">
                comment = #{comment}
            </if>
        </set>
        where id = #{id}
    </update>

    <select id="getSupplierByQuery" parameterType="Supplier" resultType="Supplier">
        select * from supplier
        <where>
        <if test="name != null and name != ''">
            and name like CONCAT('%',#{name}, '%')
        </if>
        <if test="address != null and address != ''">
            and address like CONCAT('%',#{address}, '%')
        </if>
        <if test="linkman != null and linkman != ''">
            and linkman like CONCAT('%',#{linkman}, '%')
        </if>
        <if test="phone != null and phone != ''">
            and phone like CONCAT('%',#{phone}, '%')
        </if>
        <if test="bank != null and bank != ''">
            and bank like CONCAT('%',#{bank}, '%')
        </if>
        <if test="bankAccount != null and bankAccount != ''">
            and bankAccount like CONCAT('%',#{bankAccount}, '%')
        </if>
        <if test="legalPerson != null and legalPerson != ''">
            and legalPerson like CONCAT('%',#{legalPerson}, '%')
        </if>
        <if test="fax != null and fax != ''">
            and fax like CONCAT('%',#{fax}, '%')
        </if>
        <if test="postcode != null and postcode != ''">
            and postcode like CONCAT('%',#{postcode}, '%')
        </if>
        </where>
    </select>

    <select id="getMaxId" resultType="int">
        select max(id) from supplier
    </select>
</mapper>