<?xml version="1.0" encoding="UTF-8"?>
<!DOCTYPE mapper PUBLIC "-//mybatis.org//DTD Mapper 3.0//EN"
        "http://mybatis.org/dtd/mybatis-3-mapper.dtd" >
<mapper namespace="com.heeexy.example.dao.UserDao">

    <select id="countUser" resultType="Integer">
        SELECT count(0)
        FROM sys_user u
        WHERE u.delete_status = '1'
    </select>

    <resultMap id="userMap" type="com.heeexy.example.util.model.One2Many">
        <id column="userId" property="userId"/>
        <result column="username" property="username"/>
        <result column="nickname" property="nickname"/>
        <result column="createTime" property="createTime"/>
        <result column="updateTime" property="updateTime"/>
        <result column="deleteStatus" property="deleteStatus"/>
        <collection property="roles" ofType="com.alibaba.fastjson.JSONObject">
            <id column="roleId" property="roleId"/>
            <result column="roleName" property="roleName"/>
        </collection>
    </resultMap>
    <select id="listUser" resultMap="userMap">
        SELECT u.*,
               r.id        roleId,
               r.role_name roleName
        FROM (
                 SELECT id                                      userId,
                        username                                username,
                        nickname                                nickname,
                        delete_status                           deleteStatus,
                        DATE_FORMAT(create_time, '%Y.%m.%d %T') createTime,
                        DATE_FORMAT(update_time, '%Y.%m.%d %T') updateTime
                 FROM sys_user
                 WHERE delete_status = '1'
                 ORDER BY id
                 LIMIT #{offSet}, #{pageRow}
             ) u
                 LEFT JOIN sys_user_role ur on ur.user_id = u.userId
                 LEFT JOIN sys_role r ON r.id = ur.role_id
        ORDER BY u.userId, r.id
    </select>

    <delete id="removeUserAllRole">
        delete
        from sys_user_role
        where user_id = #{userId}
    </delete>

    <insert id="batchAddUserRole">
        insert into sys_user_role
        (user_id, role_id) values
        <foreach collection="roleIds" item="i" separator=",">
            (#{userId},#{i})
        </foreach>
    </insert>

    <select id="getAllRoles" resultType="com.alibaba.fastjson.JSONObject">
        SELECT id        roleId,
               role_name roleName
        FROM sys_role
        WHERE delete_status = '1'
    </select>

    <insert id="addUser" useGeneratedKeys="true" keyProperty="userId">
        INSERT INTO sys_user
            (username, password, nickname)
        VALUES (#{username}, #{password}, #{nickname})
    </insert>

    <update id="updateUser">
        UPDATE sys_user
        SET
        nickname = #{nickname}
        <if test="password !='' and password !=null">
            , password = #{password}
        </if>
        , delete_status = #{deleteStatus}
        WHERE id = #{userId} and id != 10001
    </update>
    <resultMap id="roleMap" type="com.heeexy.example.util.model.One2Many">
        <id column="roleId" property="roleId"/>
        <result column="roleName" property="roleName"/>
        <collection property="users" ofType="com.alibaba.fastjson.JSONObject">
            <id column="userId" property="userId"/>
            <result column="nickname" property="nickname"/>
        </collection>
        <collection property="menus" ofType="com.heeexy.example.util.model.One2Many">
            <id column="menuCode" property="menuCode"/>
            <result column="menuName" property="menuName"/>
            <collection property="permissions" ofType="com.alibaba.fastjson.JSONObject">
                <id column="permissionId" property="permissionId"/>
                <result column="permissionName" property="permissionName"/>
            </collection>
        </collection>
    </resultMap>
    <select id="listRole" resultMap="roleMap">
        SELECT r.id              roleId,
               r.role_name       roleName,
               u.id              userId,
               u.nickname,
               p.id              permissionId,
               p.menu_code       menuCode,
               p.menu_name       menuName,
               p.permission_name permissionName
        FROM sys_role r
                 LEFT JOIN sys_user_role ur on ur.role_id = r.id
                 LEFT JOIN sys_user u ON u.id = ur.user_id AND u.delete_status = '1'
                 LEFT JOIN sys_role_permission rp ON r.id = rp.role_id AND rp.delete_status = '1'
                 LEFT JOIN sys_permission p ON rp.permission_id = p.id
        WHERE r.delete_status = '1'
        ORDER BY r.id, p.id
    </select>
    <resultMap id="permissionMap" type="com.heeexy.example.util.model.One2Many">
        <id column="menuName" property="menuName"/>
        <collection property="permissions" ofType="com.alibaba.fastjson.JSONObject">
            <id column="id" property="id"/>
            <result column="permissionName" property="permissionName"/>
            <result column="requiredPerm" property="requiredPerm" javaType="Integer"/>
        </collection>
    </resultMap>
    <select id="listAllPermission" resultMap="permissionMap">
        SELECT p.id,
               p.menu_name           menuName,
               p.permission_name     permissionName,
               p.required_permission requiredPerm
        FROM sys_permission p;
    </select>

    <insert id="insertRole" useGeneratedKeys="true" keyProperty="roleId">
        INSERT INTO sys_role
            (role_name)
        VALUES (#{roleName})
    </insert>

    <insert id="insertRolePermission">
        insert into sys_role_permission (role_id, permission_id)
        values
        <foreach collection="permissions" item="item" index="index" separator=",">
            (#{roleId}, #{item})
        </foreach>
    </insert>

    <resultMap id="aRole" type="com.heeexy.example.util.model.One2Many">
        <id column="roleId" property="roleId"/>
        <result column="roleName" property="roleName"/>
        <collection property="permissionIds" ofType="Integer">
            <id column="permissionId" property="permissionId"/>
        </collection>
    </resultMap>
    <select id="getRoleAllInfo" resultMap="aRole">
        SELECT r.id        roleId,
               r.role_name roleName,
               p.id        permissionId
        FROM sys_role r
                 LEFT JOIN sys_role_permission rp ON r.id = rp.role_id AND rp.delete_status = '1'
                 LEFT JOIN sys_permission p ON rp.permission_id = p.id
        WHERE r.id = #{roleId}
    </select>

    <select id="countRoleUser" resultType="Integer">
        select count(0)
        from sys_user_role ur
                 inner join sys_user u on ur.user_id = u.id
        where ur.role_id = #{roleId}
          and u.delete_status = '1'
    </select>

    <update id="removeRole">
        UPDATE sys_role
        SET delete_status = '2'
        WHERE id = #{roleId}
          and id != 1
    </update>
    <update id="removeRoleAllPermission">
        UPDATE sys_role_permission
        SET delete_status = '2'
        WHERE role_id = #{roleId}
    </update>

    <update id="removeOldPermission">
        UPDATE sys_role_permission
        SET
        delete_status = '2'
        WHERE role_id = #{roleId}
        AND permission_id in (
        <foreach collection="permissions" item="item" index="index" separator=",">
            #{item}
        </foreach>
        )
    </update>
    <update id="updateRoleName">
        UPDATE sys_role
        SET role_name = #{roleName}
        WHERE id = #{roleId}
    </update>
    <select id="queryExistUsername" resultType="int">
        select count(0)
        from sys_user
        WHERE username = #{username}
          AND delete_status = '1';
    </select>
</mapper>
