<?xml version="1.0" encoding="UTF-8" ?>
<!DOCTYPE mapper
        PUBLIC "-//mybatis.org//DTD Mapper 3.0//EN"
        "http://mybatis.org/dtd/mybatis-3-mapper.dtd">
<mapper namespace="com.neusoft.dao.ICustomerDao">

<insert id="addCustomer" parameterType="Customer">
    insert into customer(name, idCardNum, company, officePhone, cellPhone, postcode, email, deliveryAddress, region)
    VALUES (#{name}, #{idCardNum}, #{company}, #{officePhone}, #{cellPhone}, #{postcode}, #{email}, #{deliveryAddress}, #{region})
</insert>

    <select id="getCustomerList" resultType="Customer">
        select * from customer
    </select>

    <delete id="deleteCustomerById" parameterType="int">
        DELETE FROM customer
        where id = #{value}
    </delete>

    <select id="getCustomerById" parameterType="int" resultType="Customer">
        select * from customer
        where id = #{value}
    </select>

    <update id="updateCustomerById" parameterType="Customer">
        UPDATE customer
        <set>
            <if test="name != null and name != ''">
                name = #{name},
            </if>
            <if test="idCardNum != null and idCardNum != ''">
                idCardNum = #{idCardNum},
            </if>
            <if test="company != null and company != ''">
                company = #{company},
            </if>
            <if test="officePhone != null and officePhone != ''">
                officePhone = #{officePhone},
            </if>
            <if test="cellPhone != null and cellPhone != ''">
                cellPhone = #{cellPhone},
            </if>
            <if test="postcode != null and postcode != ''">
                postcode = #{postcode},
            </if>
            <if test="email != null and email != ''">
                email = #{email},
            </if>
            <if test="deliveryAddress != null and deliveryAddress != ''">
                deliveryAddress = #{deliveryAddress},
            </if>
            <if test="region != null and region != ''">
                region = #{region},
            </if>
        </set>
        where id = #{id}
    </update>

    <select id="getCustomerByQuery" parameterType="Customer" resultType="Customer">
        select * from customer
        <where>
        <if test="name != null and name != ''">
            and name like CONCAT('%',#{name}, '%')
        </if>
        <if test="idCardNum != null and idCardNum != ''">
            and idCardNum like CONCAT('%',#{idCardNum}, '%')
        </if>
        <if test="company != null and company != ''">
            and company like CONCAT('%',#{company}, '%')
        </if>
        <if test="officePhone != null and officePhone != ''">
            and officePhone like CONCAT('%',#{officePhone}, '%')
        </if>
        <if test="cellPhone != null and cellPhone != ''">
            and cellPhone like CONCAT('%',#{cellPhone}, '%')
        </if>
        <if test="postcode != null and postcode != ''">
            and postcode like CONCAT('%',#{postcode}, '%')
        </if>
        <if test="email != null and email != ''">
            and email like CONCAT('%',#{email}, '%')
        </if>
        <if test="deliveryAddress != null and deliveryAddress != ''">
            and deliveryAddress like CONCAT('%',#{deliveryAddress}, '%')
        </if>
        <if test="region != null and region != ''">
            and region like CONCAT('%',#{region}, '%')
        </if>
        </where>
    </select>

    <select id="getMaxId" resultType="int">
        select max(id) from customer
    </select>
</mapper>