<?xml version="1.0" encoding="UTF-8" ?>
<!DOCTYPE mapper
        PUBLIC "-//mybatis.org//DTD Mapper 3.0//EN"
        "http://mybatis.org/dtd/mybatis-3-mapper.dtd">
<mapper namespace="com.neusoft.dao.IOrderDao">

  <insert id="addOrder" parameterType="Order">
      insert into `order`(type, customerId, receiver, receiverPhone, receiverPostCode, generationDate, isReceipt, orderItems, comment, subStationId, requestArrivalDate, deliveryAddress, status, originalOrderId, reason,sumPrice)
          values(#{type},#{customerId},#{receiver},#{receiverPhone},#{receiverPostCode},#{generationDate},#{isReceipt},
      #{orderItems},#{comment},#{subStationId},#{requestArrivalDate},#{deliveryAddress},#{status},#{originalOrderId}, #{reason}, #{sumPrice})
  </insert>

    <select id="getMaxId" resultType="int">
        select max(id) from `order`
    </select>
    
    <select id="getOrderList" resultType="Order">
        select * from `order`
    </select>

    <select id="getOrderById" parameterType="int" resultType="Order">
        select * from `order`
        where id = #{id}
    </select>

    <delete id="deleteOrderById" parameterType="int">
        DELETE from `order`
        where id = #{value}
    </delete>

    <update id="updateOrderById" parameterType="Order">
        UPDATE `order`
        <set>
            <if test="type != null and type gte 1 and type lte 4">
                type = #{type},
            </if>
            <if test="customerId != null and customerId gt 0">
                customerId = #{customerId},
            </if>
            <if test="receiver != null and receiver !=''">
                receiver = #{receiver},
            </if>
            <if test="receiverPhone != null and receiverPhone !=''">
                receiverPhone = #{receiverPhone},
            </if>
            <if test="receiverPostCode != null and receiverPostCode !=''">
                receiverPostCode = #{receiverPostCode},
            </if>
            <if test="generationDate != null">
                generationDate = #{generationDate},
            </if>
            <if test="isReceipt != null and isReceipt gte 1 and isReceipt lte 2">
                isReceipt = #{isReceipt},
            </if>
            <if test="orderItems != null and orderItems !=''">
                orderItems = #{orderItems},
            </if>
            <if test="comment != null and comment !=''">
                comment = #{comment},
            </if>
            <if test="subStationId != null and subStationId gt 0">
                subStationId  = #{subStationId},
            </if>
            <if test="requestArrivalDate != null">
                requestArrivalDate = #{requestArrivalDate},
            </if>
            <if test="deliveryAddress != null and deliveryAddress !=''">
                deliveryAddress = #{deliveryAddress},
            </if>
            <if test="status != null and status gte 1 and status lte 12">
                status = #{status},
            </if>
            <if test="originalOrderId != null and originalOrderId gt 0">
                originalOrderId = #{originalOrderId},
            </if>
            <if test="reason != null and reason !=''">
                reason = #{reason},
            </if>
        </set>
        where id = #{id}
    </update>

    <select id="getOrderByQuery" parameterType="Order" resultType="Order">
        select * from `order`
        <where>
            <if test="id != null and id!=''">
                and id = #{id}
            </if>
            <if test="type != null and type gte 1 and type lte 4">
                and type = #{type}
            </if>
            <if test="customerId != null and customerId gt 0">
                and customerId = #{customerId}
            </if>
            <if test="receiver != null and receiver !=''">
                and receiver like CONCAT( '%',#{receiver}, '%')
            </if>
            <if test="receiverPhone != null and receiverPhone !=''">
                and receiverPhone like CONCAT( '%',#{receiverPhone}, '%')
            </if>
            <if test="receiverPostCode != null and receiverPostCode !=''">
                and receiverPostCode like CONCAT( '%',#{receiverPostCode}, '%')
            </if>
            <if test="startDateG != null and finishDateG != null">
                and generationDate between #{startDateG} and #{finishDateG}
            </if>
            <if test="isReceipt != null and isReceipt gte 1 and isReceipt lte 2">
                and isReceipt= #{isReceipt}
            </if>
            <if test="orderItems != null and orderItems !=''">
                and orderItems like CONCAT( '%',#{orderItems}, '%')
            </if>
            <if test="comment != null and comment !=''">
                and comment like CONCAT( '%',#{comment}, '%')
            </if>
            <if test="subStationId != null and subStationId gt 0">
                and subStationId = #{subStationId}
            </if>
            <if test="startDateR != null and finishDateR != null">
                and requestArrivalDate between #{startDateR} and #{finishDateR}
            </if>
            <if test="deliveryAddress != null and deliveryAddress !=''">
                and deliveryAddress like CONCAT( '%',#{deliveryAddress}, '%')
            </if>
            <if test="status != null and status gte 1 and status lte 12">
                and status = #{status}
            </if>
            <if test="originalOrderId != null and originalOrderId gt 0">
                and originalOrderId = #{originalOrderId}
            </if>
            <if test="reason != null and reason !=''">
                and reason like CONCAT( '%',#{reason}, '%')
            </if>
        </where>
    </select>
</mapper>